epoch,loss,eval_loss,eval_perplexity
0.5128205128205128,6.5294,,
1.0,,1.1471785306930542,3.1492903232574463
1.0256410256410255,2.4901,,
1.5384615384615383,0.9415,,
2.0,,0.4670296311378479,1.5952411890029907
2.051282051282051,0.6387,,
2.564102564102564,0.4841,,
3.0,,0.3330886662006378,1.3952689170837402
3.076923076923077,0.3909,,
3.58974358974359,0.3716,,
4.0,,0.2867688536643982,1.3321144580841064
4.102564102564102,0.3499,,
4.615384615384615,0.3344,,
5.0,,0.277320921421051,1.3195880651474
